[{"id":"8797467c.7d3b","type":"tab","label":"Flow 2","disabled":false,"info":""},{"id":"f948c244.f4b638","type":"function","z":"8797467c.7d3b","name":"Prediction","func":"var token=msg.payload.token;\nvar Solar_r=global.get(\"Solar_r\");\nvar Wind=global.get(\"Wind\");\nvar Temp=global.get(\"Temp\");\nvar Month=global.get(\"Month\");\nvar Day=global.get(\"Day\")\n//var Solar_r=190.0;\n//var Wind=7.4;\n//var Temp=67;\n//var Month=5;\n//var Day=1;\nmsg.payload={\"fields\":[\"Solar_r\",\"Wind\",\"Temp\",\"Month\",\"Day\"],\"values\":[[Solar_r,Wind,Temp,Month,Day]]};\nmsg.headers={\"Authorization\":\"Bearer \"+token}\nreturn msg;","outputs":1,"noerr":0,"x":480,"y":220,"wires":[["7eff91d.4e3e7f"]]},{"id":"b894160f.6e0468","type":"http request","z":"8797467c.7d3b","name":"","method":"GET","ret":"obj","paytoqs":false,"url":"https://eu-gb.ml.cloud.ibm.com\\v3\\identity\\token","tls":"","proxy":"","authType":"basic","x":330,"y":180,"wires":[["5697bb8f.0e385c","f948c244.f4b638"]]},{"id":"7eff91d.4e3e7f","type":"http request","z":"8797467c.7d3b","name":"","method":"POST","ret":"obj","paytoqs":false,"url":"https://eu-gb.ml.cloud.ibm.com/v3/wml_instances/ee148eaf-9659-4c2d-b34a-f8e19963590b/deployments/aa9268e2-5714-4f4e-8a24-4a3c5a78cb86/online","tls":"","proxy":"","x":630,"y":220,"wires":[["b170e278.dac118","1e890e39.2b2a72","a4ea17e3.5786a8"]]},{"id":"5697bb8f.0e385c","type":"debug","z":"8797467c.7d3b","name":"","active":true,"tosidebar":true,"console":false,"tostatus":false,"complete":"payload","targetType":"msg","x":530,"y":120,"wires":[]},{"id":"bf3f8fc5.795ee","type":"function","z":"8797467c.7d3b","name":"token generation","func":"global.set(\"Solar_r\",msg.payload.Solar_r);\nglobal.set(\"Wind\",msg.payload.Wind);\nglobal.set(\"Temp\",msg.payload.Temp);\nglobal.set(\"Month\",msg.payload.Month);\nglobal.set(\"Day\",msg.payload.Day);\nreturn msg;\n","outputs":1,"noerr":0,"x":290,"y":100,"wires":[["b894160f.6e0468"]]},{"id":"1e890e39.2b2a72","type":"function","z":"8797467c.7d3b","name":"o/p parsing","func":"msg.payload=msg.payload.values[0][0]\nreturn msg;\n","outputs":1,"noerr":0,"x":790,"y":300,"wires":[["c66c392c.5d757"]]},{"id":"c66c392c.5d757","type":"debug","z":"8797467c.7d3b","name":"","active":true,"tosidebar":true,"console":false,"tostatus":false,"complete":"payload","targetType":"msg","x":1010,"y":240,"wires":[]},{"id":"c267121d.106788","type":"ui_text","z":"8797467c.7d3b","group":"71606820.9dca78","order":1,"width":0,"height":0,"name":"","label":"Solar_r","format":"{{msg.payload.Solar_r}}","layout":"row-spread","x":520,"y":400,"wires":[]},{"id":"ff11d4ce.184f78","type":"ui_form","z":"8797467c.7d3b","name":"","label":"VarunTej","group":"71606820.9dca78","order":0,"width":0,"height":0,"options":[{"label":"Solar_r","value":"Solar_r","type":"number","required":true},{"label":"Wind","value":"Wind","type":"number","required":true},{"label":"Temp","value":"Temp","type":"number","required":true},{"label":"Month","value":"Month","type":"number","required":true},{"label":"Day","value":"Day","type":"number","required":true}],"formValue":{"Solar_r":"","Wind":"","Temp":"","Month":"","Day":""},"payload":"","submit":"submit","cancel":"cancel","topic":"","x":80,"y":260,"wires":[["c267121d.106788","aa8b0e8b.38be38","7d61bd1a.664324","371f2139.c5ce8e","a74e0661.bf8e6","bf3f8fc5.795ee"]]},{"id":"b170e278.dac118","type":"ui_text","z":"8797467c.7d3b","group":"71606820.9dca78","order":6,"width":0,"height":0,"name":"","label":"Ozone","format":"{{msg.payload.Ozone}}","layout":"row-spread","x":910,"y":180,"wires":[]},{"id":"a74e0661.bf8e6","type":"ui_text","z":"8797467c.7d3b","group":"71606820.9dca78","order":5,"width":0,"height":0,"name":"","label":"Day","format":"{{msg.payload.Day}}","layout":"row-spread","x":250,"y":500,"wires":[]},{"id":"371f2139.c5ce8e","type":"ui_text","z":"8797467c.7d3b","group":"71606820.9dca78","order":4,"width":0,"height":0,"name":"","label":"Month","format":"{{msg.payload.Month}}","layout":"row-spread","x":150,"y":420,"wires":[]},{"id":"7d61bd1a.664324","type":"ui_text","z":"8797467c.7d3b","group":"71606820.9dca78","order":2,"width":0,"height":0,"name":"","label":"Wind","format":"{{msg.payload.Wind}}","layout":"row-spread","x":310,"y":460,"wires":[]},{"id":"aa8b0e8b.38be38","type":"ui_text","z":"8797467c.7d3b","group":"71606820.9dca78","order":3,"width":0,"height":0,"name":"","label":"Temp","format":"{{msg.payload.Temp}}","layout":"row-spread","x":470,"y":480,"wires":[]},{"id":"a4ea17e3.5786a8","type":"debug","z":"8797467c.7d3b","name":"","active":true,"tosidebar":true,"console":false,"tostatus":false,"complete":"payload","targetType":"msg","x":760,"y":140,"wires":[]},{"id":"f60dc8bc.457fa","type":"inject","z":"8797467c.7d3b","name":"","topic":"","payload":"","payloadType":"date","repeat":"","crontab":"","once":false,"onceDelay":0.1,"x":100,"y":140,"wires":[["bf3f8fc5.795ee"]]},{"id":"71606820.9dca78","type":"ui_group","z":"","name":"Survial Predictor","tab":"8dc225f8.28549","disp":true,"width":"6","collapse":false},{"id":"8dc225f8.28549","type":"ui_tab","z":"","name":"Air_Quality_Prediction","icon":"dashboard","disabled":false,"hidden":false}]